Timestamp,Accel X,Accel Y,Accel Z,Gyro X,Gyro Y,Gyro Z,Magneto X,Magneto Y,Magneto Z
1745336323.6242783,-1.021445,-0.119194,0.057767,0.013908,-0.017385,0.004575,0.2598655363928676,-0.006723180356620871,-0.19307220111078632
1745336323.7438524,-1.014491,-0.116205,0.057523,-0.006893,-0.001281,0.005856,0.2616194095293774,-0.017538731365097926,-0.19263373282665888
1745336323.8654234,-1.016443,-0.126331,0.048434,-0.00976,-0.006039,0.0062829999999999995,0.26541946799181526,-0.008477053493130663,-0.1965799473838059
1745336323.9895413,-1.013149,-0.125477,0.057157,-0.003477,-0.002257,0.0046359999999999995,0.2616194095293774,-0.00029231218941829873,-0.19336451330020463
1745336324.116808,-1.01138,-0.12254899999999999,0.054412,-0.0018909999999999999,-0.001952,0.0023179999999999997,0.26571178018123354,-0.005261619409529378,-0.19555685472084186
1745336324.242013,-1.013881,-0.124135,0.050325,-0.002196,-0.0025009999999999998,0.004941,0.2610347851505408,-0.01140017538731365,-0.20461853259280913
1745336324.3664522,-1.00833,-0.1403,0.055754,-0.0015249999999999999,-0.0035989999999999998,0.0064659999999999995,0.2589885998246127,-0.00935399006138556,-0.1921952645425314
1745336324.4993188,-1.012112,-0.126636,0.053375,-0.009089,-0.006039,0.009028,0.26074247296112246,-0.00964630225080386,-0.19818766442560654
1745336324.625827,-1.009733,-0.12505,0.052704,-0.001098,-0.002989,0.003904,0.2630809704764689,-0.009938614440222157,-0.19336451330020463
1745336324.7530046,-1.012051,-0.124379,0.054778,-0.00122,-0.0026839999999999998,0.003965,0.26074247296112246,-0.011107863197895352,-0.2057877813504823
1745336324.8772557,-1.013454,-0.127368,0.053801999999999996,-0.001403,-0.002379,0.005612,0.265127155802397,-0.006430868167202572,-0.1945337620578778
1745336325.0025003,-1.007049,-0.124501,0.053436,-0.002257,-0.002623,0.0048189999999999995,0.26425021923414205,-0.006430868167202572,-0.2021338789827536
1745336325.129516,-1.010953,-0.123342,0.054473,-0.00244,-0.002074,0.003477,0.26278865828705056,-0.012861736334405145,-0.19847997661502484
1745336325.253682,-1.013637,-0.12444,0.052216,-0.001464,-0.0021349999999999997,0.004575,0.26834258988599824,-0.008769365682548963,-0.20301081555100847
1745336325.378555,-1.01199,-0.124196,0.056303,-0.001952,-0.0023179999999999997,0.005307,0.2551885413621748,-0.014323297281496639,-0.2090032154340836
1745336325.512787,-1.011014,-0.126636,0.054960999999999996,-0.00183,-0.002013,0.005246,0.2598655363928676,-0.008477053493130663,-0.20096463022508038
1745336325.6370912,-1.016504,-0.124196,0.052094,-0.001952,-0.0028669999999999998,0.003843,0.2665887167494885,-0.008769365682548963,-0.19234142063724058
1745336325.7641904,-1.009611,-0.119865,0.055754,-0.002074,-0.0018909999999999999,0.0044529999999999995,0.26688102893890675,-0.008477053493130663,-0.20271850336159017
1745336325.888543,-1.016931,-0.122976,0.051057,-0.003355,-0.003904,0.0046359999999999995,0.2584039754457761,-0.010523238819058756,-0.2006723180356621
1745336326.013268,-1.012295,-0.124745,0.057828,-0.000915,-0.0025009999999999998,0.004758,0.26278865828705056,-0.00935399006138556,-0.20476468868751826
1745336326.1378224,-1.011136,-0.121451,0.053741,-0.001281,-0.002196,0.004209,0.2598655363928676,-0.011107863197895352,-0.20505700087693657
1745336326.2622,-1.012356,-0.127673,0.053924,-0.0026839999999999998,-0.0021349999999999997,0.004026,0.2645425314235604,-0.006430868167202572,-0.2006723180356621
1745336326.3862953,-1.018456,-0.12505,0.050935,-0.005795,-0.002074,0.004026,0.25665010230926627,-0.011107863197895352,-0.20564162525577317
1745336326.5167222,-1.014613,-0.12505,0.052337999999999996,-0.003294,-0.0028669999999999998,0.0035989999999999998,0.2557731657410114,-0.007892429114294067,-0.2021338789827536
1745336326.6410375,-1.000095,-0.124013,0.057583999999999996,-0.002562,-0.002074,0.0040869999999999995,0.2569424144986846,-0.01169248757673195,-0.19906460099386145
1745336326.7682214,-1.014552,-0.13541999999999998,0.056729999999999996,0.001037,-0.001403,0.006344,0.2589885998246127,-0.013154048523823443,-0.20432622040339082
1745336326.893501,-1.006073,-0.126819,0.057523,-0.004758,-0.003965,0.002562,0.26015784858228586,-0.01169248757673195,-0.19906460099386145
1745336327.0227103,-1.010282,-0.12566,0.055998,0.009211,0.0032329999999999998,-0.001952,0.2610347851505408,-0.008477053493130663,-0.20169541069862612
1745336327.1876652,-1.0187,-0.119987,0.055022,-0.019398,-0.00488,0.010858,0.2543116047939199,-0.00467699503069278,-0.20271850336159017
1745336327.3249145,-0.987956,-0.124196,0.051972,-0.003721,0.002989,-0.0040869999999999995,0.2619117217187957,-0.005553931598947676,-0.19731072785735165
1745336327.4562948,-0.459818,0.024034,0.046543,0.232349,0.060511999999999996,-0.027389,0.2557731657410114,-0.004969307220111079,-0.2034492838351359
1745336327.5876436,-1.017419,-0.123586,0.051118,0.000976,-0.0028669999999999998,0.0028669999999999998,0.2531423560362467,-0.009061677871967261,-0.195703010815551
1745336327.6570458,-1.017114,-0.115961,0.055937,-0.010858,-0.004209,0.0050019999999999995,0.2616194095293774,-0.006723180356620871,-0.20169541069862612
1745336327.7536924,-1.010709,-0.139141,0.050081,-0.003538,0.00244,0.0050019999999999995,0.2531423560362467,-0.010523238819058756,-0.19994153756211633
1745336327.861114,-1.01443,-0.122427,0.053191999999999996,-0.0032329999999999998,-0.0008539999999999999,0.0050019999999999995,0.25460391698333823,-0.006138555977784273,-0.2003800058462438
1745336327.9636889,-1.013027,-0.12254899999999999,0.046726,-0.001281,-0.003111,0.0048189999999999995,0.2516807950891552,-0.005261619409529378,-0.1980415083308974
1745336328.0762384,-1.006927,-0.122732,0.054534,-0.00183,-0.0028669999999999998,0.003843,0.2624963460976323,-0.005553931598947676,-0.19614147909967847
1745336328.178044,-1.014003,-0.123769,0.054778,-0.0035989999999999998,-0.0025009999999999998,0.0037819999999999998,0.2557731657410114,-0.006430868167202572,-0.198626132709734
1745336328.2906747,-1.015101,-0.123769,0.050691,-0.0026839999999999998,-0.00183,0.0050019999999999995,0.2575270388775212,-0.010230926629640456,-0.1942414498684595
1745336328.3995583,-1.010404,-0.122732,0.051301,-0.001769,-0.001403,0.0042699999999999995,0.2560654779304297,0.0,-0.19789535223618826
1745336328.515012,-1.013759,-0.12139,0.054595,-0.002562,-0.002257,0.00366,0.2578193510669395,-0.0014615609470914938,-0.2021338789827536
1745336328.614848,-1.012966,-0.12254899999999999,0.056181,-0.0023179999999999997,-0.0017079999999999999,0.004575,0.25665010230926627,-0.010230926629640456,-0.19541069862613272
1745336328.7288902,-1.012234,-0.124684,0.05368,-0.0018909999999999999,-0.001647,0.005429,0.25255773165741013,-0.006430868167202572,-0.19541069862613272
1745336328.8289483,-1.020042,-0.126331,0.049532,-0.002379,-0.005246,0.004575,0.2581116632563578,-0.006138555977784273,-0.2057877813504823
1745336328.9419143,-1.010404,-0.12254899999999999,0.053924,-0.003111,-0.002806,0.003721,0.25665010230926627,0.0043846828412744815,-0.1997953814674072
1745336329.0388618,-1.008696,-0.121512,0.05124,-0.0015249999999999999,-0.0011589999999999999,0.004209,0.2502192341420637,0.00233849751534639,-0.1965799473838059
1745336329.1481767,-1.041453,-0.123464,0.050142,-0.043493,-0.005856,0.013237,0.2665887167494885,-0.00935399006138556,-0.1980415083308974
1745336329.250776,-1.006134,-0.12261,0.04697,-0.008723,-0.000366,0.0030499999999999998,0.25255773165741013,0.0014615609470914938,-0.1959953230049693
1745336329.3605032,-1.008391,-0.119865,0.042273,-0.088755,0.026413,0.045871999999999996,0.2502192341420637,-0.009938614440222157,-0.20505700087693657
1745336329.469536,-1.020957,-0.12071899999999999,0.047885,0.003843,-0.003538,0.0021349999999999997,0.2557731657410114,-0.004969307220111079,-0.19161064016369483
1745336329.5778697,-1.022299,-0.087169,0.086742,0.038857,0.02989,0.018239,0.26220403390821395,-0.015200233849751535,-0.20374159602455422
1745336329.6819408,-1.078663,-0.055754,0.062159,-0.158722,0.048556,0.08820599999999999,0.2543116047939199,-0.014323297281496639,-0.19964922537269805
1745336329.7958875,-1.021933,-0.102114,0.034159999999999996,-0.0006709999999999999,-0.007076,0.004331,0.2665887167494885,-0.01666179479684303,-0.195703010815551
1745336329.9076924,-1.018517,-0.10431,0.039894,-0.0030499999999999998,-0.011773,0.000244,0.26278865828705056,-0.015784858228588133,-0.19409529377375037
1745336330.022017,-0.9989359999999999,-0.10205299999999999,0.019581,-0.004941,-0.002257,-0.012993,0.2595732242034493,-0.008769365682548963,-0.19526454253142356
1745336330.1367795,-1.007293,-0.10607899999999999,0.034892,-0.0042699999999999995,-0.0060999999999999995,0.00549,0.2578193510669395,-0.007892429114294067,-0.19351066939491376
1745336330.246072,-1.01504,-0.108092,0.038491,0.000488,-0.00061,0.006771,0.25460391698333823,-0.0040923706518561824,-0.19731072785735165
1745336330.359585,-1.002596,-0.10931199999999999,0.037698,-0.019093,0.008784,0.009455,0.2619117217187957,-0.020169541069862615,-0.20096463022508038
1745336330.4781766,-0.992348,-0.107665,0.038674,0.0060999999999999995,-0.0011589999999999999,0.009028,0.2584039754457761,-0.011107863197895352,-0.19380298158433207
1745336330.5673542,-1.03578,-0.105103,0.030805,0.002257,0.005307,0.01586,0.26220403390821395,-0.006430868167202572,-0.19204910844782228
1745336330.5978296,-1.011502,-0.095343,0.036966,0.038796,0.004209,-0.000549,0.2610347851505408,-0.014030985092078339,-0.20140309850920785
1745336330.7572846,-1.008696,-0.099857,0.029646,-0.005307,0.000976,0.006161,0.2604501607717042,-0.01636948260742473,-0.19175679625840397
1745336330.8982804,-1.013271,-0.108824,0.020739999999999998,-0.0008539999999999999,-0.000549,-0.000183,0.2665887167494885,-0.008477053493130663,-0.19380298158433207
1745336330.934457,-1.022421,-0.100589,0.027145,0.003843,0.0006709999999999999,0.006893,0.25869628763519437,-0.014615609470914937,-0.1921952645425314
1745336331.1617827,-1.014491,-0.09497699999999999,0.03111,-0.001098,-0.001647,0.002257,0.2560654779304297,-0.017831043554516222,-0.19277988892136802
1745336331.3159604,-1.011929,-0.096807,0.025315,-0.0040869999999999995,-0.002989,0.004209,0.2624963460976323,-0.014907921660333235,-0.19511838643671442
1745336331.3415978,-1.01626,-0.09943,0.029096999999999998,-0.00366,-0.0035989999999999998,0.004026,0.26775796550716163,-0.014907921660333235,-0.19234142063724058
1745336331.5252712,-0.981246,-0.084729,0.020374,0.033306,0.008418,-0.000732,0.2747734580532008,-0.012569424144986846,-0.19526454253142356
1745336331.677131,-1.022055,-0.096868,0.030134,-0.002989,-0.003111,0.005612,0.2645425314235604,-0.015200233849751535,-0.19248757673194972
1745336331.7034042,-1.017968,-0.094001,0.028059999999999998,-0.0028669999999999998,-0.0011589999999999999,0.002989,0.26220403390821395,-0.011984799766150248,-0.18839520608009355
1745336331.8379533,-1.014247,-0.093147,0.02562,-0.003111,-0.002928,0.002623,0.26074247296112246,-0.016954106986261326,-0.19263373282665888
1745336331.9127455,-1.013454,-0.09528199999999999,0.025863999999999998,-0.003172,-0.003965,0.00183,0.267173341128325,-0.018415667933352822,-0.1959953230049693
1745336332.110059,-1.014064,-0.094733,0.026291,-0.001281,-0.0032329999999999998,0.005307,0.2645425314235604,-0.008477053493130663,-0.1974568839520608
1745336332.1505396,-1.017968,-0.093452,0.025071,0.000366,0.000244,0.0048189999999999995,0.26746565331774336,-0.016954106986261326,-0.19847997661502484
1745336332.3271258,-1.016809,-0.094306,0.032390999999999996,-0.002928,-0.002562,0.0044529999999999995,0.2616194095293774,-0.01169248757673195,-0.1862028646594563
1745336332.4090483,-1.018395,-0.099064,0.027816,-0.002989,-0.0030499999999999998,0.0035989999999999998,0.2572347266881029,-0.009061677871967261,-0.19029523531131248
1745336332.6357977,-1.012783,-0.097661,0.028791999999999998,-0.003111,-0.001647,0.002562,0.26483484361297865,-0.014615609470914937,-0.18693364513300204
1745336332.679547,-1.011502,-0.098149,0.022692,-0.0018909999999999999,-0.0032329999999999998,0.008662,0.26395790704472377,-0.014030985092078339,-0.1921952645425314
1745336332.7088535,-1.020957,-0.094184,0.01952,0.005795,-0.003294,0.014152,0.2645425314235604,-0.017538731365097926,-0.198626132709734
1745336332.8894668,-1.005158,-0.10675,0.020923,-0.009943,0.0032329999999999998,0.012078,0.26074247296112246,-0.019584916691026015,-0.1862028646594563
1745336333.0001795,-1.016504,-0.097966,0.027206,-0.0030499999999999998,0.000915,0.004575,0.26483484361297865,-0.022215726395790704,-0.19789535223618826
1745336333.2781165,-1.002779,-0.092842,0.024278,-0.013908,-0.020801,0.000122,0.2569424144986846,-0.012277111955568546,-0.19467991815258695
1745336333.3389008,-1.017968,-0.097234,0.032818,0.008052,0.010065,0.001647,0.2645425314235604,-0.017831043554516222,-0.2003800058462438
1745336333.376802,-1.021872,-0.099186,0.014029999999999999,-0.029951,0.0030499999999999998,0.02013,0.2610347851505408,-0.01666179479684303,-0.19935691318327975
1745336333.5902116,-1.015406,-0.10309,0.032574,-0.0077469999999999995,-0.000793,0.004758,0.2531423560362467,-0.00935399006138556,-0.19117217187956737
1745336333.7044694,-1.016931,-0.103395,0.033123,-0.003111,-0.00183,0.004209,0.2581116632563578,-0.010523238819058756,-0.19307220111078632
1745336333.7112033,-1.012966,-0.10431,0.036661,0.000366,-0.001403,0.0030499999999999998,0.2581116632563578,-0.010523238819058756,-0.19307220111078632
1745336334.0757499,-1.019371,-0.101565,0.037881,0.002257,-0.000976,0.002562,0.2630809704764689,-0.009061677871967261,-0.19204910844782228
1745336334.145592,-1.01138,-0.104615,0.037271,0.011467999999999999,0.000366,-0.000122,0.256357790119848,-0.01169248757673195,-0.1989184448991523
1745336334.2942677,-1.019493,-0.10675,0.031476,-0.005063,-0.0023179999999999997,0.003965,0.26395790704472377,-0.014615609470914937,-0.19701841566793335
1745336334.3487444,-1.018334,-0.100772,0.037271,-0.003111,-0.0053679999999999995,0.005612,0.2624963460976323,-0.00964630225080386,-0.19906460099386145
1745336334.409565,-1.010709,-0.103822,0.035013999999999997,-0.0017079999999999999,-0.004392,0.004392,0.26366559485530544,-0.01636948260742473,-0.19964922537269805
1745336334.5198505,-1.016077,-0.103944,0.032390999999999996,-0.00042699999999999997,-0.002013,0.0037819999999999998,0.2616194095293774,-0.014907921660333235,-0.19964922537269805
1745336334.6511452,-1.010831,-0.099552,0.036478,-0.0018909999999999999,-0.002745,0.004026,0.2624963460976323,-0.010523238819058756,-0.19584916691026016
1745336334.836167,-1.015772,-0.105835,0.032513,-0.002745,-0.003965,0.004941,0.2598655363928676,-0.01140017538731365,-0.19818766442560654
1745336335.1092029,-1.019127,-0.103212,0.031476,-0.003172,-0.002806,0.0042699999999999995,0.2589885998246127,-0.01373867290266004,-0.19847997661502484
1745336335.3016078,-1.013027,-0.106262,0.045018,-0.002623,-0.0017079999999999999,0.0050019999999999995,0.2630809704764689,-0.011107863197895352,-0.2003800058462438
1745336335.508564,-1.012722,-0.103334,0.030866,0.014579,-6.1e-05,0.002745,0.2522654194679918,-0.012277111955568546,-0.19643379128909674
1745336335.8718636,-1.017419,-0.10315099999999999,0.030866,-0.00042699999999999997,-0.0037819999999999998,0.0032329999999999998,0.26775796550716163,-0.0005846243788365975,-0.1997953814674072
1745336336.185654,-1.000827,-0.101565,0.032879,-0.002196,-0.0030499999999999998,0.005063,0.2551885413621748,-0.0014615609470914938,-0.2003800058462438
1745336336.3187346,-1.018029,-0.102907,0.033854999999999996,-0.0025009999999999998,-0.003538,0.004575,0.26541946799181526,-0.007307804735457469,-0.18781058170125695
1745336336.6132233,-1.014369,-0.105469,0.040199,-0.009821,-0.000732,0.004941,0.256357790119848,-0.0070154925460391695,-0.20096463022508038
1745336721.8266494,-1.019493,-0.05917,0.006222,0.0048189999999999995,-0.001769,-0.0026839999999999998,0.267173341128325,-0.028938906752411574,-0.17334112832505116
1745336721.9499009,-1.022909,-0.053985,-6.1e-05,0.004392,-0.000183,-0.004697,0.27038877521192634,-0.024846536100555393,-0.1769950306927799
1745336722.0762818,-1.017419,-0.059657999999999996,0.002989,0.00061,-0.002928,0.0032329999999999998,0.267173341128325,-0.025138848289973693,-0.1775796550716165
1745336722.2072797,-1.017541,-0.061854,0.003172,0.001098,-0.009089,0.003294,0.27009646302250806,-0.026892721426483485,-0.18137971353405438
1745336722.3333967,-1.023458,-0.050691,0.004026,-0.024522,-0.010248,0.007808,0.26074247296112246,-0.0230926629640456,-0.17714118678748902
1745336722.46328,-1.015101,-0.068381,0.0070149999999999995,-0.000244,-0.005307,0.0042699999999999995,0.26775796550716163,-0.021338789827535808,-0.18459514761765566
1745336722.592779,-1.010221,-0.079544,0.006588,-0.021594,-0.022021,0.0055509999999999995,0.2610347851505408,-0.03040046769950307,-0.18254896229172757
1745336722.7190351,-1.011502,-0.068259,0.014335,-0.0059169999999999995,-0.0026839999999999998,0.009211,0.26074247296112246,-0.02747734580532008,-0.17246419175679625
1745336722.893787,-1.016931,-0.06740499999999999,0.013115,-0.00061,-0.001037,0.003721,0.2744811458637825,-0.027185033615901782,-0.1755334697456884
1745336723.0227153,-1.008696,-0.070577,0.018849,-0.001281,0.0,-0.002745,0.26980415083308973,-0.026600409237065185,-0.1729026600409237
1745336723.1489456,-1.020713,-0.067771,0.012383,-0.0066489999999999995,-0.007503,0.0048189999999999995,0.27009646302250806,-0.02104647763811751,-0.17918737211341712
1745336723.2789912,-1.021201,-0.067527,0.013115,-0.0032329999999999998,-0.0034159999999999998,0.0068319999999999995,0.2706810874013446,-0.017246419175679626,-0.1856182402806197
1745336723.4071589,-1.009367,-0.06831999999999999,0.014945,-0.020862,0.013481,0.018788,0.26483484361297865,-0.02572347266881029,-0.17845659163987138
1745336723.534818,-1.017175,-0.061426999999999995,0.011101999999999999,-0.005124,-0.001098,0.005795,0.2624963460976323,-0.021923414206372407,-0.17261034785150542
1745336723.669575,-1.01931,-0.066124,0.008235,0.002074,-0.003111,0.002074,0.267173341128325,-0.023969599532300497,-0.17816427945045307
1745336723.796284,-1.020835,-0.065514,0.011467999999999999,-0.001952,-0.008479,0.000122,0.275942706810874,-0.028061970184156678,-0.1711487869044139
1745336723.9267833,-1.017419,-0.06466,0.010735999999999999,-0.003843,-0.00244,0.005978,0.26425021923414205,-0.023677287342882197,-0.1749488453668518
1745336724.0525882,-1.017724,-0.061732,0.012261,-0.002196,-0.002196,0.0048189999999999995,0.26395790704472377,-0.019584916691026015,-0.18021046477638117
1745336724.180362,-1.023946,-0.058316,0.014091,-0.006344,-0.001037,0.00366,0.26425021923414205,-0.019584916691026015,-0.1749488453668518
1745336724.3113952,-1.017358,-0.058682,0.012444,0.0006709999999999999,-0.000732,0.000488,0.26541946799181526,-0.01900029231218942,-0.18079508915521778
1745336724.4383655,-1.016931,-0.068625,0.010735999999999999,0.008539999999999999,-0.000122,-0.004941,0.27155802396959955,-0.028354282373574978,-0.17641040631394328
1745336724.5683422,-1.024495,-0.067832,0.010248,-0.009577,0.001647,0.012627,0.26775796550716163,-0.023677287342882197,-0.17261034785150542
1745336724.6951287,-1.018822,-0.062708,0.014029999999999999,-0.005612,0.00061,0.0070149999999999995,0.26571178018123354,-0.014030985092078339,-0.17538731365097926
1745336724.8207974,-1.015162,-0.060146,0.012199999999999999,-0.006344,0.001281,0.00732,0.26863490207541657,-0.02046185325928091,-0.17597193802981584
1745336724.9621618,-1.020652,-0.060146,0.00183,0.0028669999999999998,-0.009028,-0.002379,0.2595732242034493,-0.028646594562993278,-0.18137971353405438
1745336748.843128,-1.012722,-0.108824,0.067832,-0.0042699999999999995,-0.002989,0.004941,0.2548962291727565,-0.010815551008477054,-0.1939491376790412
1745336748.9648123,-1.011258,-0.110349,0.06466,-0.00183,-0.0013419999999999999,0.003111,0.2589885998246127,-0.006723180356620871,-0.19131832797427653
1745336749.0883718,-1.013271,-0.114497,0.063928,-0.0015249999999999999,-0.0037819999999999998,0.006893,0.2572347266881029,-0.012569424144986846,-0.1965799473838059
1745336749.2230144,-1.013393,-0.109678,0.066368,-0.0028669999999999998,-0.004209,0.0046359999999999995,0.26425021923414205,-0.003215434083601286,-0.2006723180356621
1745336749.3499508,-1.004792,-0.12425699999999999,0.069418,-0.008296,-0.008845,0.014213,0.25665010230926627,-0.003800058462437884,-0.19175679625840397
1745336749.4811115,-1.008818,-0.11345999999999999,0.063623,0.00061,-0.0040869999999999995,0.002074,0.2589885998246127,-0.0228003507746273,-0.185910552470038
1745336749.6133456,-1.015955,-0.113094,0.063318,-0.012688,0.016226,0.022814,0.25869628763519437,-0.0040923706518561824,-0.19321835720549546
1745336749.7416966,-1.013576,-0.109983,0.063806,-0.000305,-0.007808,0.004209,0.2548962291727565,-0.012861736334405145,-0.19847997661502484
1745336749.8729408,-1.019737,-0.108336,0.058987,-0.028853,-0.006893,0.02196,0.2595732242034493,-0.01607717041800643,-0.1942414498684595
1745336750.003231,-1.008513,-0.10900699999999999,0.063623,-0.003904,0.00061,-0.001281,0.2619117217187957,-0.019877228880444315,-0.19380298158433207
1745336750.164069,-1.011502,-0.105164,0.062037,0.0032329999999999998,-0.001952,0.015006,0.26132709733995907,-0.018415667933352822,-0.19511838643671442
1745336750.3111548,-1.013393,-0.108031,0.061488,-0.038735,0.005063,0.017263,0.26366559485530544,-0.018123355743934522,-0.19117217187956737
1745336750.4394004,-1.015223,-0.102602,0.062403,-0.009516,-0.00122,0.012505,0.2598655363928676,-0.018415667933352822,-0.18576439637532885
1745336750.5698454,-1.013515,-0.091866,0.066002,-0.018361,0.003843,0.007869,0.26220403390821395,-0.010230926629640456,-0.19292604501607716
1745336750.7000005,-1.017907,-0.104432,0.058498999999999995,-0.0013419999999999999,-0.00244,0.005063,0.2569424144986846,-0.017831043554516222,-0.19380298158433207
1745336750.825658,-1.015162,-0.106567,0.064599,0.003538,-0.006405,-0.001281,0.26015784858228586,-0.014907921660333235,-0.19847997661502484
1745336750.9607775,-1.013149,-0.107543,0.062525,-0.0035989999999999998,-0.001952,0.004392,0.26074247296112246,-0.014030985092078339,-0.19643379128909674
1745336751.1049478,-0.999607,-0.111447,0.061488,0.00061,-0.0062829999999999995,0.0018909999999999999,0.25665010230926627,-0.01636948260742473,-0.19190295235311314
1745336751.2850368,-1.012905,-0.107238,0.066856,-0.00122,-0.002989,0.0023179999999999997,0.26980415083308973,-0.013446360713241743,-0.20125694241449868
1745336751.4355302,-1.011807,-0.108092,0.061244,-0.004331,-0.001464,0.003538,0.2554808535515931,-0.011984799766150248,-0.19409529377375037
1745336751.5655668,-1.014003,-0.108458,0.061549,-0.00061,-0.0021349999999999997,0.004575,0.2624963460976323,-0.006723180356620871,-0.19482607424729612
1745336751.6998346,-1.010648,-0.106506,0.061549,-0.0028669999999999998,-0.001281,0.0037819999999999998,0.26541946799181526,-0.014030985092078339,-0.19701841566793335
1745336751.846974,-1.012783,-0.106445,0.062280999999999996,-0.002623,-0.002989,0.00488,0.2616194095293774,-0.017831043554516222,-0.19614147909967847
1745336752.0157506,-1.009611,-0.110593,0.06508699999999999,-0.002013,-0.0021349999999999997,0.0030499999999999998,0.26775796550716163,-0.019584916691026015,-0.19438760596316867
1745336752.145355,-1.015528,-0.107238,0.060878,-0.0021349999999999997,-0.001281,0.003294,0.2619117217187957,-0.025138848289973693,-0.1939491376790412
1745336752.2794003,-1.014918,-0.108275,0.067283,-0.0023179999999999997,-0.00183,0.004758,0.26892721426483485,-0.013154048523823443,-0.1921952645425314
1745336752.4096467,-1.015345,-0.10614,0.062159,-0.0025009999999999998,-0.002928,0.005673,0.26132709733995907,-0.014323297281496639,-0.19789535223618826
1745336752.5412595,-1.015162,-0.108214,0.05978,-0.0023179999999999997,-0.002745,0.004148,0.2604501607717042,-0.01900029231218942,-0.19234142063724058
1745336752.671512,-1.013027,-0.106445,0.062891,-0.001281,-0.001952,0.0030499999999999998,0.2584039754457761,-0.009061677871967261,-0.19029523531131248
1745336752.802672,-1.011502,-0.10961699999999999,0.06478199999999999,-0.0051849999999999995,-0.002196,0.0035989999999999998,0.2575270388775212,-0.02046185325928091,-0.19175679625840397
1745336889.854027,-1.021384,-0.107177,0.06649,-0.02989,-0.005612,0.0305,0.26366559485530544,-0.020169541069862615,-0.19614147909967847
1745336889.9749815,-1.00345,-0.104188,0.066063,-0.003477,0.0006709999999999999,0.0023179999999999997,0.26395790704472377,-0.011107863197895352,-0.19044139140602162
1745336890.1028502,-1.018639,-0.09589199999999999,0.056974,-0.000549,-0.0006709999999999999,0.011895,0.2616194095293774,-0.01607717041800643,-0.19526454253142356
1745336890.2366812,-1.03944,-0.090402,0.047214,-0.0055509999999999995,-0.0064659999999999995,0.003294,0.2575270388775212,-0.01373867290266004,-0.1968722595732242
1745336890.3675025,-1.005829,-0.095953,0.046055,-0.002928,-0.008235,0.0073809999999999995,0.2624963460976323,-0.021631102016954108,-0.19672610347851505
1745336890.5011048,-1.018822,-0.095953,0.052521,-0.002928,-0.002928,0.0042699999999999995,0.26395790704472377,-0.0233849751534639,-0.18956445483776674
1745336890.6322296,-1.018639,-0.09851499999999999,0.054168,-0.001647,-0.0023179999999999997,0.004514,0.265127155802397,-0.012861736334405145,-0.19014907921660334
1745336890.764106,-1.016382,-0.098942,0.051667,-0.002745,-0.0035989999999999998,0.003965,0.26951183864367145,-0.011984799766150248,-0.1867874890382929
1745336890.8947198,-1.013393,-0.099125,0.050996,-0.000549,-0.000793,0.0035989999999999998,0.259280912014031,-0.02046185325928091,-0.19044139140602162
1745336891.0255687,-1.011197,-0.097417,0.054778,-0.001769,-0.002196,0.003965,0.26366559485530544,-0.01900029231218942,-0.1962876351943876
1745336891.1590908,-1.015467,-0.097783,0.055998,-0.001464,-0.0025009999999999998,0.004575,0.2616194095293774,-0.015492546039169833,-0.1908798596901491
1745336891.2898061,-1.0386469999999999,-0.093269,0.056303,-0.006161,-0.004026,0.004392,0.26425021923414205,-0.02075416544869921,-0.1980415083308974
1745336891.4243426,-1.015345,-0.098332,0.052032999999999996,-0.004331,-0.00183,0.002074,0.26337328266588717,-0.017538731365097926,-0.1989184448991523
1745336891.5557547,-1.01016,-0.094306,0.045811,0.000488,-0.007625,0.002745,0.2598655363928676,-0.02046185325928091,-0.18927214264834843
1745336891.6891143,-1.015406,-0.09729499999999999,0.053741,-0.002379,-0.0028669999999999998,0.005124,0.259280912014031,-0.02104647763811751,-0.19877228880444314
1745336891.819993,-1.014857,-0.104249,0.061183,0.000305,-0.001403,0.00183,0.256357790119848,-0.013446360713241743,-0.19935691318327975
1745336891.958715,-1.011319,-0.100589,0.043737,-0.004392,0.0042699999999999995,-0.000549,0.2595732242034493,-0.021338789827535808,-0.1921952645425314
1745337328.971386,-1.017846,0.036173,-0.0044529999999999995,-0.0023179999999999997,-0.001403,0.004575,-0.05641625255773166,-0.2747734580532008,-0.6045016077170418
1745337329.0927544,-1.021506,0.037881,-0.005307,-0.0028669999999999998,-0.001037,0.0050019999999999995,-0.057293189125986556,-0.2768196433791289,-0.6072785735165156
1745337329.2322721,-1.020408,0.034526,0.003538,-0.001586,-0.0021349999999999997,0.0044529999999999995,-0.054370067231803564,-0.275942706810874,-0.6015784858228588
1745337329.3863194,-1.076406,0.048494999999999996,0.006771,-0.001647,-0.008601,0.006039,-0.05641625255773166,-0.2762350190002923,-0.6036246711487869
1745337329.508795,-1.024861,0.039955,-0.008235,-0.0023179999999999997,-0.001037,0.0042699999999999995,-0.05904706226249635,-0.2779888921368021,-0.5945629932768196
1745337329.6384778,-1.014552,0.033549999999999996,-0.000976,-0.000732,-0.0013419999999999999,0.0046359999999999995,-0.06810874013446361,-0.2765273311897106,-0.5917860274773458
1745337329.76378,-1.019432,0.034465,-0.003111,-0.001037,-0.001037,0.004392,-0.06226249634609763,-0.2753580824320374,-0.606693949137679
1745337329.88876,-1.021933,0.035563,-0.0035989999999999998,-0.0011589999999999999,-0.0015249999999999999,0.0040869999999999995,-0.05495469161064016,-0.2791581408944753,-0.5989476761180941
1745337330.0169587,-1.020042,0.0366,-0.001281,-0.001769,-0.001647,0.004331,-0.051739257527038875,-0.2765273311897106,-0.6049400760011693
1745337330.142739,-1.020225,0.035807,-0.003172,-0.001403,-0.001769,0.0037819999999999998,-0.05495469161064016,-0.27301958491669104,-0.6036246711487869
1745337330.267529,-1.016382,0.036417,-0.0018909999999999999,-0.002196,-0.001586,0.003538,-0.059923998830751245,-0.27009646302250806,-0.6028938906752411
1745337330.4178996,-1.020347,0.036173,-0.003172,-0.002013,-0.0015249999999999999,0.003538,-0.05787781350482315,-0.2768196433791289,-0.6017246419175679
1745337330.5422974,-1.020164,0.034343,-0.0032329999999999998,-0.0015249999999999999,-0.001647,0.0037819999999999998,-0.06606255480853551,-0.28471207249342295,-0.5976322712657118
1745337330.6715205,-1.025959,0.033672,-0.001098,-0.001952,-0.000915,0.0040869999999999995,-0.05553931598947676,-0.2785735165156387,-0.6045016077170418
1745337330.7959313,-1.020957,0.036173,-0.002745,-0.001586,-0.002074,0.003294,-0.05407775504238527,-0.28120432622040337,-0.5988015200233849
1745337330.9204254,-1.018944,0.036051,0.0011589999999999999,-0.00183,-0.001037,0.004514,-0.05700087693656825,-0.28120432622040337,-0.5938322128032739
1745337331.0436456,-1.017846,0.034709,-0.004209,-0.00183,-0.001037,0.004331,-0.06723180356620871,-0.27711195556854723,-0.6068401052323882
1745337331.1680834,-1.017846,0.035197,-6.1e-05,-0.0017079999999999999,-0.0015249999999999999,0.003355,-0.051739257527038875,-0.27097339959076294,-0.6123940368313359
1745337331.292812,-1.016687,0.034709,0.001281,-0.002562,-0.0011589999999999999,0.005063,-0.05904706226249635,-0.2823735749780766,-0.6100555393159894
1745337331.4385111,-1.020713,0.035013999999999997,-0.003965,-0.0013419999999999999,-0.001464,0.0040869999999999995,-0.05349313066354867,-0.2800350774627302,-0.6005553931598948
1745337331.5631917,-1.016626,0.037027,-0.001037,-0.001281,-0.001098,0.0046359999999999995,-0.05349313066354867,-0.2774042677579655,-0.596901490792166
1745337331.69754,-1.018944,0.037393,-0.003294,-0.0021349999999999997,-0.000793,0.003538,-0.059339374451914645,-0.27360420929552765,-0.5993861444022216
1745337331.8219826,-1.018273,0.033916,-0.0035989999999999998,-0.0026839999999999998,-0.001952,0.0042699999999999995,-0.05787781350482315,-0.278865828705057,-0.5913475591932184
1745337331.9463842,-1.0249219999999999,0.03782,-0.0040869999999999995,-0.0021349999999999997,-0.001403,0.003355,-0.05904706226249635,-0.2779888921368021,-0.5960245542239111
1745337332.0740697,-1.025471,0.0366,-0.0059169999999999995,-0.002379,-0.00244,0.0030499999999999998,-0.06021631102016954,-0.27155802396959955,-0.5993861444022216
1745337332.1992497,-1.023092,0.034159999999999996,-0.0026839999999999998,-0.003111,-0.002928,0.002562,-0.05817012569424145,-0.2800350774627302,-0.5928091201403098
1745337332.3494205,-1.017846,0.037332,0.00042699999999999997,-0.0030499999999999998,-0.002806,0.002013,-0.06167787196726104,-0.2806197018415668,-0.5928091201403098
1745337332.4715137,-1.020225,0.028426,0.002013,-0.0034159999999999998,-0.007991,0.00366,-0.061970184156679334,-0.2823735749780766,-0.5928091201403098
1745337332.593724,-1.023763,0.035318999999999996,-0.018605,-0.011651,-0.0017079999999999999,0.00183,-0.06313943291435253,-0.2779888921368021,-0.599824612686349
1745337332.721877,-1.012295,0.040931,-0.052216,-0.030805,-0.003843,0.0062829999999999995,-0.059339374451914645,-0.27155802396959955,-0.599824612686349
1745337332.8463342,-1.017541,0.026413,0.001464,-0.00366,-0.00244,0.007259,-0.06284712072493423,-0.28178895059924,-0.5954399298450745
1745337332.968625,-1.033401,0.035441,-0.000122,-0.002562,-0.005429,0.0021349999999999997,-0.05904706226249635,-0.2829581993569132,-0.597778427360421
1745337333.0962636,-1.021384,0.032208,-0.00061,-0.002562,0.000305,0.0057339999999999995,-0.052323881905875474,-0.2809120140309851,-0.5990938322128033
1745337333.220728,-1.01565,0.024399999999999998,-0.0057339999999999995,0.003172,0.0073809999999999995,0.0046359999999999995,-0.059923998830751245,-0.2712657117801812,-0.5995323004969307
1745337333.3710692,-1.020042,0.031415,0.014029999999999999,-0.002928,-0.0025009999999999998,0.003965,-0.061385559777842734,-0.2762350190002923,-0.5970476468868752
1745337333.4929829,-1.020713,0.029768,-0.001037,-0.002928,-0.0011589999999999999,0.00366,-0.06430868167202572,-0.2814966384098217,-0.5986553639286758
1745337333.6176248,-1.020896,0.030927,-0.0023179999999999997,-0.002013,-0.000976,0.004758,-0.059339374451914645,-0.2776965799473838,-0.6015784858228588
1745337333.743691,-1.021445,0.03599,0.0017079999999999999,-0.002928,-0.002074,0.003843,-0.05466237942122187,-0.2800350774627302,-0.6034785150540778
1745337333.8658123,-1.020713,0.031659,0.000122,-0.0023179999999999997,-0.000915,0.003355,-0.05378544285296697,-0.2806197018415668,-0.6052323881905876
1745337333.9887674,-1.024373,0.033123,-0.000793,-0.002257,-0.000732,0.004331,-0.06547793042969892,-0.2800350774627302,-0.607570885705934
1745337334.116016,-1.018822,0.033062,0.002989,-0.001769,-0.001586,0.0037819999999999998,-0.05787781350482315,-0.2762350190002923,-0.6005553931598948
1745337334.2384696,-1.025471,0.035685,-6.1e-05,-0.0026839999999999998,-0.001586,0.003965,-0.05758550131540485,-0.2823735749780766,-0.5964630225080386
1745337334.3885932,-1.021811,0.031232,0.0011589999999999999,-0.0025009999999999998,-0.0011589999999999999,0.0046359999999999995,-0.06664717918737212,-0.27214264834843616,-0.6058170125694241
1745337334.5107713,-1.018761,0.033245,0.003477,-0.0021349999999999997,-0.0017079999999999999,0.004392,-0.05787781350482315,-0.2800350774627302,-0.5974861151710026
1745337334.632862,-1.020896,0.034099,0.0035989999999999998,-0.0013419999999999999,-0.001403,0.0037819999999999998,-0.06109324758842444,-0.2768196433791289,-0.5979245834551301
1745337334.7580545,-1.020774,0.032635,-0.001037,-0.002196,-0.0017079999999999999,0.004758,-0.06343174510377082,-0.2762350190002923,-0.6021631102016954
1745337334.884803,-1.020042,0.033062,0.001098,-0.002562,-0.00183,0.0042699999999999995,-0.057293189125986556,-0.275942706810874,-0.6043554516223326
1745337335.0445416,-1.01931,0.033733,0.0011589999999999999,-0.00122,-0.0013419999999999999,0.004331,-0.059923998830751245,-0.28325051154633146,-0.6017246419175679
1745337335.193512,-1.016931,0.034892,0.00244,-0.0023179999999999997,-0.0013419999999999999,0.0042699999999999995,-0.058754750073078045,-0.2800350774627302,-0.6053785442852967
1745337335.3331668,-1.019249,0.033123,0.00183,-0.002196,-0.001037,0.0030499999999999998,-0.06343174510377082,-0.2776965799473838,-0.612540192926045
1745337335.4650052,-1.019188,0.033916,0.003904,-0.000976,-0.001647,0.0044529999999999995,-0.05963168664133294,-0.27360420929552765,-0.597778427360421
1745337335.5875785,-1.020103,0.034282,0.002745,-0.002013,-0.00183,0.0040869999999999995,-0.05641625255773166,-0.2774042677579655,-0.6020169541069863
1745337335.7107463,-1.021018,0.034892,0.0,-0.001769,-0.001281,0.004392,-0.06167787196726104,-0.28325051154633146,-0.5952937737503654
1745337335.8367786,-1.019981,0.031659,-0.000915,-0.0025009999999999998,-0.001281,0.004514,-0.05320081847413037,-0.2844197603040047,-0.5990938322128033
1745337335.9615166,-1.017236,0.029828999999999998,0.001464,-0.001647,-0.001281,0.003721,-0.05495469161064016,-0.27565039462145574,-0.6015784858228588
1745337336.0842705,-1.01931,0.031232,-0.001281,-0.0018909999999999999,-0.001586,0.003843,-0.056123940368313356,-0.28529669687225956,-0.600701549254604
1745337336.2120934,-1.021811,0.032208,0.003111,-0.0021349999999999997,-0.002013,0.003843,-0.057293189125986556,-0.287635194387606,-0.6005553931598948
1745337336.3488452,-1.019249,0.033794,0.001464,-0.0015249999999999999,-0.0008539999999999999,0.003294,-0.05904706226249635,-0.28471207249342295,-0.6009938614440222
1745337336.4828343,-1.01809,0.03233,0.003721,-0.003172,-0.001586,0.0030499999999999998,-0.05758550131540485,-0.28588132125109617,-0.6028938906752411
1745337336.6075833,-1.019371,0.030439,-0.005612,-0.0025009999999999998,-0.0011589999999999999,0.003477,-0.05700087693656825,-0.28178895059924,-0.6031862028646594
1745337336.733049,-1.016748,0.033733,0.014945,-0.0026839999999999998,-0.00122,0.004148,-0.057293189125986556,-0.2776965799473838,-0.6021631102016954
1745337336.8555818,-1.017419,0.032574,-0.003477,-0.002562,-0.0013419999999999999,0.00366,-0.06109324758842444,-0.2826658871674949,-0.6037708272434961
1745337336.9820998,-1.018761,0.031598,-0.0006709999999999999,-0.0025009999999999998,-0.0021349999999999997,0.00366,-0.05320081847413037,-0.2738965214849459,-0.6034785150540778
1745337337.1071835,-1.016931,0.028426,-0.003355,-0.001769,-0.002379,0.003721,-0.05641625255773166,-0.2768196433791289,-0.5986553639286758
1745337337.2313335,-1.022238,0.034099,-0.0030499999999999998,-0.00183,-0.0017079999999999999,0.003965,-0.06109324758842444,-0.2791581408944753,-0.5982168956445484
1745337337.3861148,-1.020164,0.032635,0.0008539999999999999,-0.002196,-0.00122,0.003477,-0.061970184156679334,-0.2782812043262204,-0.5916398713826366
1745337337.508053,-1.018456,0.015921,0.0028669999999999998,-0.002257,-0.0011589999999999999,0.0037819999999999998,-0.06606255480853551,-0.2820812627886583,-0.6021631102016954
1745337337.6334476,-1.019066,0.034587,0.0015249999999999999,-0.0018909999999999999,-0.001647,0.004148,-0.05904706226249635,-0.2800350774627302,-0.6020169541069863
1745337337.7557776,-1.022238,0.032025,-0.0032329999999999998,-0.002013,-0.0015249999999999999,0.004209,-0.061385559777842734,-0.28646594562993277,-0.5944168371821105
1745337337.8806968,-1.018944,0.031415,6.1e-05,-0.001952,-0.0015249999999999999,0.004026,-0.06021631102016954,-0.2774042677579655,-0.5990938322128033
1745337338.0063975,-1.018883,0.033184,-0.000366,-0.001281,-0.00183,0.004575,-0.06460099386144402,-0.27565039462145574,-0.6005553931598948
1745337338.1320312,-1.018212,0.033428,-0.00061,-0.0013419999999999999,-0.000976,0.0046359999999999995,-0.06226249634609763,-0.2814966384098217,-0.5996784565916399
1745337338.2568104,-1.01809,0.032025,-0.001769,-0.001647,-0.002806,0.003538,-0.05144694533762058,-0.27711195556854723,-0.6004092370651856
1745337338.410892,-1.016321,0.029036,0.001464,-0.001952,-0.001098,0.00366,-0.04881613563285589,-0.27301958491669104,-0.6024554223911137
1745337338.532634,-1.018517,0.034526,-0.0015249999999999999,-0.001952,-0.001464,0.004026,-0.04735457468576439,-0.2774042677579655,-0.6009938614440222
1745337338.6606889,-1.019859,0.031476,0.002928,-0.0015249999999999999,-0.001281,0.0037819999999999998,-0.05057000876936568,-0.2727272727272727,-0.5942706810874013
1745337338.7829797,-1.01748,0.029585,-0.002257,-0.0030499999999999998,-0.001586,0.004392,-0.05787781350482315,-0.278865828705057,-0.6045016077170418
1745337338.9080439,-1.021628,0.032208,0.002806,-0.001403,-0.001464,0.003843,-0.06021631102016954,-0.2803273896521485,-0.5982168956445484
1745337339.0342965,-1.019249,0.031415,-0.003965,-0.0021349999999999997,-0.000366,0.004514,-0.05203156971645718,-0.2733118971061093,-0.6069862613270973
1745337339.1593292,-1.020347,0.032818,0.0006709999999999999,-0.002196,-0.001586,0.005063,-0.056708564747149956,-0.28471207249342295,-0.5942706810874013
1745337339.2816453,-1.021628,0.03294,-0.002257,-0.003355,-0.002074,0.0037819999999999998,-0.05583162817889506,-0.2776965799473838,-0.6031862028646594
1745337339.4346073,-1.017785,0.032147,0.0015249999999999999,-0.001403,-0.001037,0.0037819999999999998,-0.049693072201110786,-0.278865828705057,-0.5973399590762934
1745337339.5570216,-1.018944,0.033733,-0.000793,-0.002623,-0.0018909999999999999,0.003843,-0.06489330605086233,-0.2896813797135341,-0.5979245834551301
1745337339.6847005,-1.019676,0.032574,-0.001769,-0.002013,-0.001647,0.003111,-0.05495469161064016,-0.2785735165156387,-0.6021631102016954
1745337339.809397,-1.018212,0.034953,0.003355,-0.0015249999999999999,-0.0011589999999999999,0.003965,-0.05553931598947676,-0.2768196433791289,-0.5960245542239111
1745337339.9314356,-1.021323,0.034526,-0.002013,-0.00183,-0.0011589999999999999,0.0037819999999999998,-0.05963168664133294,-0.2814966384098217,-0.5957322420344928
1745337340.058827,-1.016992,0.031903,6.1e-05,-0.0015249999999999999,-0.0008539999999999999,0.0040869999999999995,-0.056123940368313356,-0.2776965799473838,-0.5947091493715287
1745337340.1815991,-1.01992,0.031171,-0.000488,-0.00244,-0.0006709999999999999,0.004209,-0.06489330605086233,-0.2744811458637825,-0.5933937445191464
1745337340.3062978,-1.020957,0.035075,6.1e-05,-0.002074,-0.001769,0.004026,-0.05817012569424145,-0.275942706810874,-0.5970476468868752
1745337340.4567225,-1.018883,0.034282,-0.000122,-0.002379,-0.001647,0.003843,-0.06693949137679041,-0.2779888921368021,-0.6017246419175679
1745337340.5809262,-1.021689,0.030805,0.003477,-0.0025009999999999998,-0.001098,0.004148,-0.06577024261911722,-0.27301958491669104,-0.5942706810874013
1745337340.7078424,-1.018151,0.033184,-0.0017079999999999999,-0.0018909999999999999,-0.001464,0.004331,-0.05700087693656825,-0.278865828705057,-0.5966091786027478
1745337340.8318522,-1.018517,0.034099,0.013969,-0.002257,-0.0011589999999999999,0.00366,-0.049108447822274186,-0.28120432622040337,-0.5922244957614733
1745337340.9550426,-1.023519,0.03233,-0.000122,-0.0025009999999999998,-0.001403,0.004331,-0.056708564747149956,-0.2794504530838936,-0.6026015784858229
1745337341.0834186,-1.021872,0.035623999999999996,-0.00183,-0.00244,-0.0021349999999999997,0.0040869999999999995,-0.057293189125986556,-0.278865828705057,-0.5966091786027478
1745337341.2076688,-1.017968,0.032574,0.0026839999999999998,-0.001281,-0.0017079999999999999,0.0040869999999999995,-0.061385559777842734,-0.27360420929552765,-0.6004092370651856
1745337341.361594,-1.019615,0.032025,-0.0021349999999999997,-0.002196,-0.000122,0.002989,-0.05963168664133294,-0.28383513592516807,-0.5942706810874013
1745337341.4861722,-1.019493,0.032390999999999996,-0.000732,-0.003111,-0.001647,0.004026,-0.06430868167202572,-0.2820812627886583,-0.5989476761180941
1745337341.6110396,-1.02419,0.031964,0.00042699999999999997,-0.00244,-0.001952,0.004697,-0.05583162817889506,-0.28325051154633146,-0.5939783688979831
1745337341.735359,-1.038464,0.0366,-0.002196,-0.001647,-0.000976,0.0040869999999999995,-0.06109324758842444,-0.2765273311897106,-0.5982168956445484
1745337341.859895,-1.019188,0.031293,-0.001037,-0.001586,-0.000976,0.004209,-0.052908506284712074,-0.278865828705057,-0.5970476468868752
1745337341.9850616,-1.014125,0.030560999999999998,0.001769,-0.0021349999999999997,-0.0013419999999999999,0.0035989999999999998,-0.06840105232388191,-0.27711195556854723,-0.592955276235019
1745337342.1113653,-1.014674,0.031964,-0.003721,-0.003538,-6.1e-05,0.006588,-0.05495469161064016,-0.27360420929552765,-0.5980707395498392
1745337342.2362344,-1.018944,0.031171,-0.000549,-0.001586,-0.001586,0.004514,-0.05817012569424145,-0.27711195556854723,-0.5979245834551301
1745337342.390885,-1.020835,0.031537,-0.000549,-0.001403,-0.001586,0.0037819999999999998,-0.05963168664133294,-0.27506577024261913,-0.6002630809704764
1745337342.5143976,-1.020713,0.028609,-0.003294,-0.0017079999999999999,-0.001769,0.004331,-0.061385559777842734,-0.2765273311897106,-0.5971938029815843
1745337342.6396344,-1.022665,0.033549999999999996,0.001586,-0.0025009999999999998,-0.002013,0.004209,-0.05787781350482315,-0.2823735749780766,-0.6021631102016954
1745337342.7639253,-0.9335439999999999,-0.06405,0.037087999999999996,-0.115961,0.010614,0.027511,-0.05846243788365975,-0.2747734580532008,-0.6049400760011693
1745337342.8885067,-0.999607,0.037271,-0.007686,0.003111,0.008418,0.0183,-0.054370067231803564,-0.2733118971061093,-0.6040631394329143
1745337343.0129528,-0.960262,0.026657,0.0305,0.013908,0.029219,-0.00061,-0.06021631102016954,-0.26805027769657996,-0.5954399298450745
1745337343.1375926,-1.010587,0.043248999999999996,-0.002623,0.000976,-0.00183,0.009455,-0.056123940368313356,-0.26483484361297865,-0.6061093247588425
1745337343.2620728,-1.021567,0.022326,-0.035197,0.005124,-0.002257,0.002806,-0.05787781350482315,-0.26892721426483485,-0.6034785150540778
1745337343.416661,-1.023458,0.040931,-0.011529,0.0037819999999999998,0.0008539999999999999,0.00366,-0.061970184156679334,-0.2733118971061093,-0.595878398129202
1745337343.5410237,-1.025898,0.028182,0.011101999999999999,-0.000244,0.001769,-0.0011589999999999999,-0.06547793042969892,-0.2762350190002923,-0.6062554808535516
1745337343.6644392,-1.023946,0.033977,-0.0032329999999999998,0.014457,-0.0011589999999999999,0.005795,-0.06050862320958784,-0.2747734580532008,-0.5974861151710026
1745337343.791236,-1.016687,0.017873,-0.000793,-0.001586,0.000488,0.005795,-0.052908506284712074,-0.26951183864367145,-0.6030400467699503
1745337343.9152007,-1.017236,0.041784999999999996,-0.012749,-0.0034159999999999998,0.0013419999999999999,-0.004514,-0.06109324758842444,-0.2616194095293774,-0.6009938614440222
1745337540.0133562,-1.012539,0.017263,-0.133346,-0.002074,-0.000549,0.0042699999999999995,0.024261911721718796,-0.2765273311897106,-0.6031862028646594
1745337540.1328433,-1.006317,0.019581,-0.135969,-0.000915,-0.000976,0.004026,0.01636948260742473,-0.28821981876644254,-0.5963168664133295
1745337540.2539144,-1.007354,0.016592,-0.13078399999999998,-0.002379,0.0013419999999999999,0.005429,0.015784858228588133,-0.2814966384098217,-0.5970476468868752
1745337540.378119,-1.012722,0.018849,-0.132553,-0.0023179999999999997,-0.0013419999999999999,0.004514,0.019877228880444315,-0.2890967553346975,-0.5895936860567086
1745337540.5051265,-1.016748,0.018666,-0.133346,-0.00183,-0.001952,0.004941,0.023677287342882197,-0.2791581408944753,-0.5942706810874013
1745337540.6291797,-1.008879,0.017079999999999998,-0.129991,-0.0026839999999999998,-0.000244,0.003172,0.01870798012277112,-0.2791581408944753,-0.6004092370651856
1745337540.7532384,-1.013515,0.014029999999999999,-0.135786,0.0011589999999999999,-0.006588,0.003294,0.01373867290266004,-0.2861736334405145,-0.5933937445191464
1745337540.8800795,-1.00284,-0.003355,-0.114375,-0.005978,-0.038369,-0.007991,0.024261911721718796,-0.2814966384098217,-0.5988015200233849
1745337541.0117028,-1.004487,0.029158,-0.135908,-0.008173999999999999,-0.001586,0.0055509999999999995,0.010815551008477054,-0.28120432622040337,-0.6049400760011693
1745337541.1395853,-1.007659,0.011895,-0.134627,-0.0008539999999999999,-0.00549,0.00671,0.021923414206372407,-0.27506577024261913,-0.6036246711487869
1745337541.2866626,-1.007293,0.016165,-0.153232,-0.0023179999999999997,-0.032879,-0.000366,0.01666179479684303,-0.2774042677579655,-0.5995323004969307
1745337541.4106903,-1.011807,0.016226,-0.139019,-0.0035989999999999998,-0.00122,0.0032329999999999998,0.017538731365097926,-0.2826658871674949,-0.599824612686349
1745337541.5410938,-1.00833,0.018056,-0.135176,-0.0023179999999999997,-0.0030499999999999998,0.004209,0.01900029231218942,-0.2797427652733119,-0.604647763811751
1745337541.66625,-1.01565,0.017446,-0.133346,-0.0025009999999999998,-0.001952,0.004026,0.01870798012277112,-0.28120432622040337,-0.6017246419175679
1745337541.7932198,-1.008879,0.018788,-0.131394,-0.003111,-0.00366,0.0040869999999999995,0.016954106986261326,-0.2741888336743642,-0.5961707103186202
1745337541.917317,-1.010892,0.016104,-0.136518,-0.0025009999999999998,-0.00122,0.0037819999999999998,0.02075416544869921,-0.275942706810874,-0.5933937445191464
1745337542.041411,-1.008635,0.021777,-0.131882,-0.0023179999999999997,-0.001281,0.004392,0.017538731365097926,-0.27506577024261913,-0.5995323004969307
1745337542.1683867,-1.006988,0.01769,-0.131882,-0.0023179999999999997,-0.001037,0.004392,0.015200233849751535,-0.2797427652733119,-0.599824612686349
1745337542.315049,-1.012234,0.019093,-0.13237,-0.001647,-0.000732,0.003904,0.023677287342882197,-0.2768196433791289,-0.6031862028646594
1745337542.4422078,-1.00772,0.017568,-0.135481,-0.0018909999999999999,-0.001647,0.004331,0.022508038585209004,-0.28325051154633146,-0.6023092662964046
1745337542.5669339,-1.010953,0.016347999999999998,-0.13237,-0.002562,-0.000793,0.0044529999999999995,0.024846536100555393,-0.26980415083308973,-0.5993861444022216
1745337542.6910706,-1.009977,0.018361,-0.133285,-0.00183,-0.001037,0.00366,0.015200233849751535,-0.2803273896521485,-0.6055247003800058
1745337542.818088,-1.009367,0.018788,-0.13078399999999998,-0.002074,-0.001403,0.004209,0.01929260450160772,-0.27243496053785443,-0.6062554808535516
1745337542.9420722,-1.012478,0.018605,-0.136152,-0.0015249999999999999,-0.0018909999999999999,0.0042699999999999995,0.015200233849751535,-0.2823735749780766,-0.609617071031862
1745337543.0663803,-1.011685,0.01952,-0.134871,-0.001098,-0.000915,0.004148,0.013446360713241743,-0.2809120140309851,-0.5947091493715287
1745337543.2021413,-1.005951,0.017141,-0.128039,-0.002196,-0.001098,0.003965,0.026892721426483485,-0.2785735165156387,-0.5936860567085648
1745337543.3408895,-1.012966,0.018178,-0.13419999999999999,-0.002379,-0.00122,0.004697,0.020169541069862615,-0.2835428237357498,-0.6077170418006431
1745337543.4677258,-1.012295,0.019093,-0.12956399999999998,-0.0011589999999999999,-0.000793,0.0044529999999999995,0.01929260450160772,-0.28325051154633146,-0.592955276235019
1745337543.5918405,-1.009855,0.01952,-0.132126,-0.0023179999999999997,-0.002074,0.004331,0.014907921660333235,-0.2803273896521485,-0.5961707103186202
1745337543.7160144,-1.009672,0.018422,-0.133895,-0.0021349999999999997,-0.0021349999999999997,0.0037819999999999998,0.015784858228588133,-0.2797427652733119,-0.5928091201403098
1745337543.8438625,-1.012234,0.016958,-0.131028,-0.001647,-0.0015249999999999999,0.004148,0.015200233849751535,-0.27711195556854723,-0.5913475591932184
1745337543.967873,-1.013698,0.018849,-0.130601,-0.0028669999999999998,-0.001281,0.0040869999999999995,0.02601578485822859,-0.278865828705057,-0.6002630809704764
1745337544.0920274,-1.009367,0.018361,-0.131394,-0.002806,0.000122,0.0032329999999999998,0.014615609470914937,-0.2809120140309851,-0.5967553346974569
1745337544.2253377,-1.009794,0.017873,-0.129198,-0.0018909999999999999,-0.000488,0.003721,0.01607717041800643,-0.2829581993569132,-0.5973399590762934
1745337544.3646405,-1.012234,0.019032,-0.133895,-0.002074,-0.002928,0.004026,0.022508038585209004,-0.2776965799473838,-0.5974861151710026
1745337544.4917474,-1.011319,0.016653,-0.13725,-0.0021349999999999997,-0.001647,0.003538,0.020169541069862615,-0.2826658871674949,-0.5901783104355451
1745337544.6157687,-1.009428,0.01647,-0.132797,-0.0025009999999999998,-0.002379,0.004148,0.0230926629640456,-0.28880444314527914,-0.5970476468868752
1745337544.7398276,-1.014308,0.020739999999999998,-0.134627,-0.001281,-0.000366,0.0046359999999999995,0.019584916691026015,-0.278865828705057,-0.5884244372990354
1745337544.8667834,-1.010526,0.015311,-0.135054,-0.001952,-0.001464,0.004209,0.01870798012277112,-0.2762350190002923,-0.5963168664133295
1745337544.990794,-1.010221,0.019275999999999998,-0.133346,-0.002989,-0.002745,0.004148,0.014615609470914937,-0.28120432622040337,-0.5995323004969307
1745337545.1151311,-1.010221,0.020191,-0.12956399999999998,-0.003294,-0.001037,0.0030499999999999998,0.018123355743934522,-0.2841274481145864,-0.596901490792166
1745337545.2642684,-1.010587,0.018178,-0.137799,-0.001769,-0.00061,0.0048189999999999995,0.022215726395790704,-0.28120432622040337,-0.5983630517392575
1745337545.3883271,-1.007293,0.019275999999999998,-0.135603,-0.000915,-0.001098,0.0034159999999999998,0.02572347266881029,-0.27711195556854723,-0.5936860567085648
1745337545.5153182,-1.006744,0.016774999999999998,-0.130052,-0.001952,-0.000976,0.0048189999999999995,0.01900029231218942,-0.28120432622040337,-0.5932475884244373
1745337545.6393604,-1.011624,0.015189,-0.13450499999999999,-0.002196,-0.0015249999999999999,0.003965,0.0230926629640456,-0.27506577024261913,-0.5909090909090909
1745337545.763343,-1.009245,0.020007999999999998,-0.133102,-0.002196,-0.0011589999999999999,0.004209,0.015784858228588133,-0.2774042677579655,-0.592955276235019
1745337545.8905075,-1.006683,0.018117,-0.13359,-0.002013,-0.000549,0.0037819999999999998,0.019584916691026015,-0.2791581408944753,-0.5970476468868752
1745337546.014646,-1.004548,0.017141,-0.133224,-0.001647,-0.000244,0.004758,0.01607717041800643,-0.2835428237357498,-0.5893013738672903
1745337546.138996,-1.010404,0.01952,-0.135542,-0.0006709999999999999,-0.001098,0.0053679999999999995,0.01929260450160772,-0.28120432622040337,-0.597778427360421
1745337546.2866387,-1.009611,0.017202,-0.138409,-0.0023179999999999997,-0.002257,0.004026,0.024261911721718796,-0.2826658871674949,-0.5970476468868752
1745337546.4105716,-1.014369,0.015555,-0.13450499999999999,-0.0021349999999999997,-0.0032329999999999998,0.003843,0.024554223911137093,-0.2800350774627302,-0.5990938322128033
1745337546.5383978,-1.006927,0.01769,-0.133712,-0.002257,-0.001098,0.0040869999999999995,0.022215726395790704,-0.28325051154633146,-0.5923706518561824
1745337546.6624966,-1.024556,0.018117,-0.133651,-0.0018909999999999999,-0.002196,0.004209,0.023969599532300497,-0.2814966384098217,-0.5950014615609471
1745337546.7865543,-1.007659,0.015433,-0.13047899999999998,-0.003355,-0.002562,0.0028669999999999998,0.017538731365097926,-0.2803273896521485,-0.5967553346974569
1745337546.913367,-1.008391,0.018178,-0.133712,-0.001403,-0.003172,0.005673,0.014907921660333235,-0.2809120140309851,-0.6018707980122772
1745337547.037432,-1.009611,0.022692,-0.136091,-0.001281,0.007503,0.004575,0.017538731365097926,-0.2794504530838936,-0.5901783104355451
1745337547.161453,-1.013759,0.018849,-0.138165,-6.1e-05,0.001952,0.006039,0.019584916691026015,-0.28792750657702426,-0.5901783104355451
1745337547.3090663,-1.015223,0.020984,-0.136274,-0.000122,0.001281,0.003538,0.020169541069862615,-0.275942706810874,-0.5928091201403098
1745337547.433148,-0.973926,0.001281,-0.154879,0.000488,0.010735999999999999,0.003355,0.01929260450160772,-0.275942706810874,-0.5932475884244373
1745338108.92154,0.007259,0.121756,-0.96441,-0.031659,-0.066307,-0.043737,0.1844489915229465,-0.3475591932183572,0.012423268050277696
1745338109.041438,0.011651,0.184769,-1.117764,-0.099613,-0.136518,-0.090341,0.20198772288804442,-0.35545162233265126,0.0042385267465653315
1745338109.1783361,0.160796,0.227896,-0.764818,-0.175558,-0.146888,-0.22508999999999998,0.2332651271558024,-0.3443437591347559,-0.03186202864659456
1745338109.3367524,-0.396012,0.089914,-0.517402,0.115229,-0.598105,0.001464,0.28325051154633146,-0.28997369190295236,-0.11166325635779012
1745338109.463452,-0.631777,0.315492,-0.7613409999999999,-0.28377199999999997,-0.916952,-0.125538,0.2993276819643379,-0.30634317451037707,-0.22215726395790705
1745338109.5946617,-0.602253,-0.06344,-0.495686,-0.234789,-0.627507,0.035258,0.26892721426483485,-0.29143525285004385,-0.37956737795966095
1745338109.7228227,-1.301435,0.215086,-0.987712,0.242719,-0.58499,0.044774,0.22566501023092664,-0.26074247296112246,-0.49517684887459806
1745338109.8478806,-0.838567,0.392047,0.057645,-0.177144,-0.392718,0.556564,0.2130955860859398,-0.304296989184449,-0.4707687810581701
1745338109.9747493,-0.834724,0.018788,-0.490379,0.058865,-0.185745,0.080947,0.22332651271558024,-0.3028354282373575,-0.4349605378544285
1745338110.101408,-0.847839,0.10736,-0.46707699999999996,0.049837,-0.061183,0.026657,0.22683425898859982,-0.30722011107863195,-0.44036831335866705
1745338110.230743,-0.8830359999999999,0.135176,-0.48251,0.079056,-0.039406,-0.033367,0.22741888336743643,-0.31569716457176267,-0.4427068108740134
1745338110.379835,-0.852109,0.048861,-0.41602,-0.02135,-0.013908,0.049409999999999996,0.2133878982753581,-0.31335866705641624,-0.45074539608301667
1745338110.5047529,-0.883219,0.112118,-0.490379,0.008235,-0.017995,0.007137,0.22128032738965214,-0.323881905875475,-0.4533762057877814
1745338110.633421,-0.887977,0.11041,-0.482327,0.003721,-0.011224,0.002013,0.21660333235895937,-0.32008184741303713,-0.45454545454545453
1745338110.758903,-0.883402,0.122915,-0.47939899999999996,0.001464,-0.008296,0.011895,0.21660333235895937,-0.31482022800350773,-0.45469161064016367
1745338110.8894656,-0.892369,0.10431,-0.47946,-0.0035989999999999998,-0.003355,0.0060999999999999995,0.21426483484361297,-0.31569716457176267,-0.4612686349020754
1745338111.0143986,-0.892674,0.11608299999999999,-0.47787399999999997,0.006893,-0.026168999999999998,-0.009943,0.21134171294943,-0.310143232972815,-0.4565916398713826
1745338111.140803,-0.891942,0.11193499999999999,-0.46677199999999996,0.001647,-0.00976,0.002074,0.2119263373282666,-0.3189125986553639,-0.45425314235603625
1745338111.2768536,-0.890112,0.072407,-0.47238399999999997,-0.02623,0.014029999999999999,-6.1e-05,0.20403390821397252,-0.3247588424437299,-0.4636071324174218
1745338111.4172847,-0.891515,0.105164,-0.445239,0.003294,-0.0053679999999999995,0.001037,0.2052031569716457,-0.31452791581408945,-0.46857643963753287
1745338111.5463693,-0.883829,0.123098,-0.458293,0.02135,-0.034892,-0.031293,0.20286465945629933,-0.3276819643379129,-0.4641917567962584
1745338111.6717825,-0.8994449999999999,0.127795,-0.440054,-0.008235,0.00122,-0.004209,0.19906460099386145,-0.3259280912014031,-0.4599532300496931
1745338111.8020084,-0.904386,0.088938,-0.462136,-0.015677,0.0055509999999999995,0.008235,0.19380298158433207,-0.31745103770827243,-0.47266881028938906
1745338111.9268641,-0.904874,0.103212,-0.441579,-0.005246,0.001403,0.0057339999999999995,0.19526454253142356,-0.3177433498976907,-0.4725226541946799
1745338112.053119,-0.903288,0.117059,-0.439871,-0.004697,-6.1e-05,0.0008539999999999999,0.21280327389652148,-0.3224203449283835,-0.47018415667933355
1745338112.1845224,-0.905423,0.11577799999999999,-0.442921,-0.001952,-0.0044529999999999995,0.002562,0.20140309850920785,-0.3250511546331482,-0.4748611517100263
1745338112.3285458,-0.899872,0.102724,-0.436455,0.009028,-0.005124,0.006527,0.19321835720549546,-0.320958783981292,-0.47968430283542823
1745338112.4630687,-0.9119499999999999,0.111691,-0.438895,0.002013,-0.005063,0.0046359999999999995,0.19292604501607716,-0.3183279742765273,-0.4789535223618825
1745338112.5882459,-0.905118,0.113948,-0.434686,0.0030499999999999998,-0.00976,-0.001403,0.20023384975153463,-0.31803566208710904,-0.47354574685764395
1745338112.716367,-0.905789,0.11516799999999999,-0.42517,0.001037,-0.006527,0.0042699999999999995,0.19000292312189418,-0.3230049693072201,-0.47500730780473543
1745338112.844923,-0.911767,0.10919,-0.433527,0.002257,-0.00549,0.005063,0.19175679625840397,-0.3189125986553639,-0.4631686641332944
1745338112.9708612,-0.969229,0.098332,-0.5468649999999999,-0.060573,0.04636,0.019337,0.1905875475007308,-0.3212510961707103,-0.48173048816135633
1745338113.1008952,-0.914817,0.11992599999999999,-0.420351,0.000793,-0.0048189999999999995,0.0028669999999999998,0.19321835720549546,-0.3212510961707103,-0.4821689564454838
1745338113.226426,-0.918355,0.113582,-0.420595,0.0060999999999999995,-0.0077469999999999995,0.003965,0.1882490499853844,-0.31920491084478225,-0.4840689856767027
1745338113.378458,-0.914695,0.114558,-0.421205,-0.002013,-0.003538,0.006588,0.1847413037123648,-0.323881905875475,-0.4842151417714119
1745338113.5064983,-0.912194,0.10760399999999999,-0.41992399999999996,0.00122,-0.0051849999999999995,0.002379,0.1864951768488746,-0.32271265711780184,-0.48450745396083017
1745338113.631222,-0.91927,0.10736,-0.426085,-0.003965,0.000244,0.002806,0.19263373282665888,-0.3279742765273312,-0.48173048816135633
1745338113.7625043,-0.93635,0.126575,-0.42639,-0.017141,-0.100711,0.026900999999999998,0.17831043554516224,-0.3224203449283835,-0.4830458930137387
1745338113.8874433,-0.94428,0.112118,-0.410469,0.012931999999999999,-0.030439,0.035258,0.17772581116632563,-0.31277404267757963,-0.49809997076878104
1745338114.018869,-0.9289689999999999,0.112911,-0.41351899999999997,0.003538,-0.009455,0.007076,0.19614147909967847,-0.31745103770827243,-0.49152294650686934
1745338114.1437583,-0.921771,0.113033,-0.40485699999999997,-0.0011589999999999999,-0.003172,0.00671,0.18795673779596608,-0.31745103770827243,-0.48655363928675827
1745338114.271761,-0.929945,0.113704,-0.396622,0.014823,-0.011224,0.009577,0.17567962584039754,-0.31803566208710904,-0.5007307804735458
1745338114.424004,-0.91561,0.11284999999999999,-0.41595899999999997,0.007137,-0.018056,-0.019703,0.1891259865536393,-0.31803566208710904,-0.4890382928968138
1745338114.5487146,-0.91988,0.096258,-0.400404,-0.011163,0.007442,-0.001586,0.17509500146156096,-0.3218357205495469,-0.4881613563285589
1745338114.6778154,-0.923723,0.109068,-0.40607699999999997,-0.009699,-0.003904,0.008235,0.1832797427652733,-0.32008184741303713,-0.49298450745396083
1745338114.8031187,-0.92354,0.139019,-0.38308,0.015493999999999999,-0.044225,0.017446,0.17246419175679625,-0.31745103770827243,-0.490207541654487
1745338114.9331744,-0.931226,0.121268,-0.393877,-0.010553,0.002806,-0.004575,0.1841566793335282,-0.3241742180648933,-0.48918444899152297
1745338115.058662,-0.929762,0.12163399999999999,-0.394304,-0.004148,-0.001647,0.0013419999999999999,0.18181818181818182,-0.3253434668225665,-0.4967845659163987
1745338115.1848457,-0.9256139999999999,0.118462,-0.39283999999999997,-0.0018909999999999999,-0.002806,0.004392,0.17772581116632563,-0.31745103770827243,-0.4979538146740719
1745338115.3385534,-0.926285,0.11638799999999999,-0.392047,-0.00183,-0.002379,0.003111,0.17655656240865245,-0.3250511546331482,-0.5054077755042385
1745338115.4631298,-0.9262239999999999,0.11870599999999999,-0.39253499999999997,-0.002074,-0.0023179999999999997,0.0040869999999999995,0.17509500146156096,-0.3276819643379129,-0.4938614440222157
1745338115.5940738,-0.930372,0.117059,-0.393389,-0.000793,-0.003538,0.0032329999999999998,0.17772581116632563,-0.31598947676118094,-0.49780765857936277
1745338115.7189693,-0.931165,0.117608,-0.394853,-0.001281,-0.001281,0.0037819999999999998,0.17597193802981584,-0.3224203449283835,-0.502923121894183
1745338115.850376,-0.924516,0.098149,-0.393572,-0.008418,-0.004331,0.015677,0.17860274773458054,-0.326805027769658,-0.49254603916983336
1745338115.9750845,-0.933178,0.132492,-0.357521,0.007686,-0.0059169999999999995,0.005795,0.17831043554516224,-0.3250511546331482,-0.4994153756211634
1745338116.1011212,-0.909754,0.125843,-0.389302,0.006588,-0.010797,0.00061,0.17363344051446947,-0.3285589009061678,-0.4964922537269804
1745338116.2322614,-0.900604,0.181109,-0.303536,-0.037454,0.013054,0.016958,0.1657410114001754,-0.326805027769658,-0.5
1745338116.3806539,-0.934825,0.11406999999999999,-0.36911099999999997,0.006893,-0.008052,0.0051849999999999995,0.16983338205203158,-0.3241742180648933,-0.49722303420052616
1745338116.5100174,-0.935923,0.105652,-0.379359,0.0028669999999999998,-0.00671,0.004575,0.16983338205203158,-0.326805027769658,-0.49751534638994444
1745338116.6346655,-0.9372039999999999,0.11376499999999999,-0.386435,-0.003965,0.000732,0.0023179999999999997,0.17421806489330605,-0.3314820228003508,-0.49619994153756214
1745338116.7660666,-0.939766,0.109129,-0.378932,-0.002745,0.000915,0.002074,0.18006430868167203,-0.3294358374744227,-0.4928383513592517
1745338116.8908432,-0.929396,0.106567,-0.37929799999999997,-0.001098,-0.0008539999999999999,-0.000732,0.17655656240865245,-0.33089739842151417,-0.5
1748424110.1180649,-0.600911,0.326472,-0.736819,-0.000915,-0.0006709999999999999,0.002379,-0.3648056123940368,-0.6655948553054662,0.30575855013154046
1748424110.2429476,-0.600484,0.327265,-0.733708,0.0,-0.0011589999999999999,0.003294,-0.3721134171294943,-0.6699795381467407,0.3137971353405437
1748424110.3894775,-0.604083,0.324154,-0.735904,-0.001281,-0.00061,0.003477,-0.36275942706810876,-0.6641332943583748,0.3116047939199065
1748424110.5255103,-0.605852,0.328119,-0.737429,-0.004331,-0.0021349999999999997,0.0051849999999999995,-0.36159017831043555,-0.6615024846536101,0.30064308681672025
1748424110.6547828,-0.606157,0.327204,-0.735721,0.000244,-0.00061,0.0044529999999999995,-0.3691902952353113,-0.6667641040631395,0.31072785735165154
1748424110.787194,-0.604998,0.326167,-0.7315119999999999,-0.0048189999999999995,-0.000732,0.005673,-0.36012861736334406,-0.6679333528208127,0.29961999415375623
1748424110.9156454,-0.59658,0.32391,-0.727364,-0.0057339999999999995,-0.0032329999999999998,0.0035989999999999998,-0.3665594855305466,-0.6699795381467407,0.3097047646886875
1748424111.0501108,-0.601826,0.32208,-0.729316,0.001098,-0.0055509999999999995,0.003294,-0.36363636363636365,-0.6568254896229173,0.3002046185325928
1748424111.1785607,-0.604876,0.32104299999999997,-0.73139,-0.00183,-0.00549,0.0013419999999999999,-0.36509792458345514,-0.6553639286758258,0.30780473545746856
1748424111.372975,-0.572241,0.294081,-0.721813,-0.0032329999999999998,-0.008784,-0.0026839999999999998,-0.36012861736334406,-0.6685179771996492,0.30780473545746856
1748424111.538659,-0.629764,0.353312,-0.720044,0.07869,-0.0008539999999999999,-0.022935999999999998,-0.36042092955276234,-0.6650102309266296,0.30941245249926924
1748424111.6968994,-0.61244,0.328119,-0.725534,0.003355,0.0034159999999999998,0.001952,-0.35691318327974275,-0.6615024846536101,0.30327389652148495
1748424111.8273368,-0.604327,0.32696,-0.729011,0.005856,-0.000122,0.002379,-0.3612978661210172,-0.6647179187372113,0.30795089155217775
1748424111.9535196,-0.613294,0.332084,-0.724192,0.000305,-0.001281,0.003477,-0.36012861736334406,-0.6679333528208127,0.3002046185325928
1748424112.0850785,-0.597678,0.324825,-0.721569,0.005124,-0.007137,0.00061,-0.3536977491961415,-0.6615024846536101,0.30780473545746856
1748424112.2259176,-0.597983,0.333121,-0.724131,0.0066489999999999995,-0.004331,0.0008539999999999999,-0.3653902367728734,-0.659456299327682,0.3095586085939784
1748424112.3660958,-0.607194,0.333182,-0.728218,-0.0062829999999999995,-0.0011589999999999999,0.005978,-0.3653902367728734,-0.6629640456007015,0.31043554516223326
1748424112.49479,-0.60268,0.330254,-0.731573,-0.00183,-0.002074,0.004392,-0.3648056123940368,-0.6629640456007015,0.31540485238234434
1748424112.621511,-0.59841,0.32817999999999997,-0.724497,-0.014152,0.000976,0.009028,-0.3700672318035662,-0.6550716164864074,0.30926629640456005
1748424112.7515376,-0.599752,0.32134799999999997,-0.737429,0.014579,-0.002013,-0.00122,-0.36217480268927216,-0.6615024846536101,0.3117509500146156
1748424112.8772776,-0.605547,0.325679,-0.734318,-0.002989,0.000976,0.003843,-0.3683133586670564,-0.6688102893890675,0.30985092078339666
1748424113.0075228,-0.618235,0.324886,-0.729194,0.009271999999999999,-0.010003999999999999,0.003843,-0.3750365390236773,-0.6714410990938322,0.3155510084770535
1748424113.134042,-0.610244,0.322995,-0.725046,-0.0028669999999999998,-0.001769,0.003538,-0.36159017831043555,-0.6699795381467407,0.31540485238234434
1748424113.2877486,-0.604327,0.330193,-0.72712,0.000183,-0.000915,0.0035989999999999998,-0.3665594855305466,-0.665302543116048,0.30736626717334115
1748424113.4142773,-0.602253,0.326899,-0.729926,-0.0018909999999999999,-0.002379,0.0040869999999999995,-0.3674364220988015,-0.662379421221865,0.30736626717334115
1748424113.5411353,-0.600606,0.330071,-0.725656,-0.0028669999999999998,-0.001769,0.004575,-0.36509792458345514,-0.6568254896229173,0.30941245249926924
1748424113.6706371,-0.602558,0.3233,-0.734989,0.00671,0.001647,0.00549,-0.36626717334112835,-0.6635486699795381,0.3007892429114294
1748424113.79655,-0.612806,0.31055099999999997,-0.73078,-0.014395999999999999,-0.00244,0.005063,-0.3665594855305466,-0.6617947968430283,0.30619701841566793
1748424113.9268808,-0.606706,0.307989,-0.728706,-0.011101999999999999,0.00061,0.00976,-0.36042092955276234,-0.6609178602747735,0.3016661794796843
1748424114.0533965,-0.59719,0.317871,-0.726266,0.002379,-0.001952,0.001769,-0.36568254896229174,-0.6606255480853551,0.30780473545746856
1748424114.1798408,-0.601216,0.324886,-0.730475,-0.00183,-0.0011589999999999999,0.004392,-0.3694826074247296,-0.6600409237065186,0.30985092078339666
1748424114.3351436,-0.597251,0.322934,-0.728523,-0.004392,-0.0015249999999999999,0.004331,-0.36509792458345514,-0.6658871674948845,0.30210464776381174
1748424114.461424,-0.603412,0.325801,-0.728035,-0.0035989999999999998,-0.000305,0.004392,-0.3618824904998538,-0.6582870505700088,0.3066354866997954
1748424114.5908191,-0.6039,0.328546,-0.7345619999999999,-0.0015249999999999999,-0.0006709999999999999,0.003538,-0.36772873428821984,-0.6585793627594271,0.3060508623209588
1748424114.7173421,-0.600484,0.327143,-0.7281569999999999,-0.0026839999999999998,-0.0015249999999999999,0.0042699999999999995,-0.3674364220988015,-0.6577024261911721,0.30590470622624966
1748424114.8469973,-0.602131,0.330132,-0.730475,-0.002989,-0.001037,0.0053679999999999995,-0.3639286758257819,-0.6612101724641918,0.30268927214264835
1748424114.9841495,-0.602497,0.335073,-0.73322,-0.009821,-0.0034159999999999998,0.006893,-0.36772873428821984,-0.662379421221865,0.3121894182987431
1748424115.1215289,-0.602375,0.329949,-0.730719,-0.003965,0.0018909999999999999,0.007137,-0.35691318327974275,-0.6664717918737212,0.3060508623209588
1748424115.2905207,-0.610671,0.32939999999999997,-0.735111,-0.00183,-0.001403,0.004697,-0.3683133586670564,-0.6626717334112833,0.3178895059923999
1748424115.4272814,-0.606767,0.330681,-0.731085,-0.002562,-0.000976,0.00488,-0.3653902367728734,-0.6597486115171003,0.31131248173048814
1748424115.5673614,-0.605181,0.333426,-0.730658,-0.000183,0.000122,0.002562,-0.35779011984799763,-0.6650102309266296,0.30941245249926924
1748424115.7091184,-0.605059,0.331169,-0.730048,-0.000549,-0.000488,0.002989,-0.36568254896229174,-0.6661794796843028,0.3129201987722888
1748424115.84636,-0.603351,0.332267,-0.730048,-0.000183,-0.001098,0.0046359999999999995,-0.35135925168079507,-0.6629640456007015,0.3117509500146156
1748424115.9864447,-0.607743,0.329217,-0.729926,-0.000244,-0.001037,0.0030499999999999998,-0.36568254896229174,-0.6579947383805904,0.30356620871090323
1748424116.1216161,-0.606401,0.329034,-0.732061,-0.004758,-0.001403,0.005612,-0.36363636363636365,-0.6600409237065186,0.3016661794796843
1748424116.297222,-0.606401,0.325557,-0.730414,-0.002806,-0.002013,0.004575,-0.3674364220988015,-0.6615024846536101,0.3129201987722888
1748424116.4306736,-0.600423,0.325679,-0.7348669999999999,-0.002806,-0.0008539999999999999,0.004514,-0.36217480268927216,-0.6603332358959368,0.3085355159310143
1748424116.5683165,-0.594567,0.331901,-0.705282,-0.059047999999999996,0.025071,0.04026,-0.36217480268927216,-0.6691026015784858,0.30926629640456005
